{
    "ambient_light": 10,
    "bed_works": false,
    "coordinate_scale": 10,
    "respawn_anchor_works": true,
    "piglin_safe": false,
    "has_ceiling": false,
    "has_skylight": true,
    "has_raids": false,
    "effects": "minecraft:overworld",
    "fixed_time": 6000,
    "min_y": -64,
    "height": 384,
    "logical_height": 384,
    "infiniburn": "#minecraft:infiniburn_overworld",
    "ultrawarm": false,
    "monster_spawn_block_light_limit": 0,
    "monster_spawn_light_level": {
        "type": "minecraft:uniform",
        "value": {
            "max_inclusive": 7,
            "min_inclusive": 0
        }
    },
    "natural": true
    
}