{
    "type": "dimgen:sky",
    "generator": {
        "type": "minecraft:noise",
        "settings": "minecraft:floating_islands",
        "biome_source": {
            "type": "multi_noise",
            "biomes": [
                {
                    "biome": "minecraft:flower_forest",
                    "parameters": {
                        "continentalness": 0,
                        "humidity": 1,
                        "offset": 0,
                        "temperature": 1,
                        "depth": 1,
                        "erosion": -1,
                        "weirdness": 1
                    }
                }
                
                    
                
            ]
        }
    }
}